{
  "yIzCBU0_LyY": {
    "file": "./audio\\8419799b-0c87-4879-9802-7b8a3a7e8eb5.mp3",
    "metadata": {
      "title": "yIzCBU0_LyY",
      "duration": 0,
      "thumbnail": "",
      "uploader": ""
    },
    "downloaded_at": "2025-12-02T00:10:03.716486",
    "file_id": "8419799b-0c87-4879-9802-7b8a3a7e8eb5"
  },
  "YkgkThdzX-8": {
    "file": "/home/runner/workspace/FlacLossless-main/backend/audio/92b05df0-a1b5-41ab-a87a-4eafcd0b9cc2.mp3",
    "metadata": {
      "title": "IMAGINE. (Ultimate Mix, 2020) - John Lennon & The Plastic Ono Band (with the Flux Fiddlers) HD",
      "duration": 234,
      "thumbnail": "https://i.ytimg.com/vi_webp/YkgkThdzX-8/maxresdefault.webp",
      "uploader": "johnlennon"
    },
    "downloaded_at": "2025-12-01T19:04:30.420482",
    "file_id": "92b05df0-a1b5-41ab-a87a-4eafcd0b9cc2"
  },
  "HP2zqQsrsyg": {
    "file": "/home/runner/workspace/FlacLossless-main/backend/audio/4290b9e5-f66e-4f40-b6d5-4409771aa0b4.mp3",
    "metadata": {
      "title": "Mann Mera - Official Video | Table No 21 | Rajeev Khandelwal & Tina Desai | Gajendra Verma",
      "duration": 234,
      "thumbnail": "https://i.ytimg.com/vi_webp/HP2zqQsrsyg/maxresdefault.webp",
      "uploader": "Sony Music India"
    },
    "downloaded_at": "2025-12-01T19:16:49.891252",
    "file_id": "4290b9e5-f66e-4f40-b6d5-4409771aa0b4"
  },
  "1ykU4QkchSE": {
    "file": "/home/runner/workspace/FlacLossless-main/backend/audio/b9a27dbd-4012-48ae-bf11-3d4497336916.mp3",
    "metadata": {
      "title": "Gajendra Verma - Mann Mera (Lyrics) | Original Version",
      "duration": 228,
      "thumbnail": "https://i.ytimg.com/vi_webp/1ykU4QkchSE/maxresdefault.webp",
      "uploader": "Indie India"
    },
    "downloaded_at": "2025-12-01T19:17:26.460426",
    "file_id": "b9a27dbd-4012-48ae-bf11-3d4497336916"
  },
  "f7qrT-Vd-C4": {
    "file": "/home/runner/workspace/FlacLossless-main/backend/audio/df238aa0-7604-4cb9-8cf4-ff282021cf50.mp3",
    "metadata": {
      "title": "Mann Mera (Official Song Video) - Table No.21|Tina Desai & Rajeev K|Gajendra Verma",
      "duration": 165,
      "thumbnail": "https://i.ytimg.com/vi/f7qrT-Vd-C4/maxresdefault.jpg",
      "uploader": "SonyMusicIndiaVEVO"
    },
    "downloaded_at": "2025-12-01T19:18:08.967058",
    "file_id": "df238aa0-7604-4cb9-8cf4-ff282021cf50"
  },
  "pIBoAh4OXhQ": {
    "file": "/home/runner/workspace/FlacLossless-main/backend/audio/5e58e91e-e277-4015-9c76-35b2eea7eacc.mp3",
    "metadata": {
      "title": "Janam Janam \u2013 Dilwale | Shah Rukh Khan | Kajol | Pritam | SRK | Kajol | Lyric Video 2015",
      "duration": 253,
      "thumbnail": "https://i.ytimg.com/vi_webp/pIBoAh4OXhQ/maxresdefault.webp",
      "uploader": "Sony Music India"
    },
    "downloaded_at": "2025-12-01T19:52:04.946401",
    "file_id": "5e58e91e-e277-4015-9c76-35b2eea7eacc"
  },
  "MoN9ql6Yymw": {
    "file": "/home/runner/workspace/FlacLossless-main/backend/audio/4d7148d1-be94-4dc7-9e8f-c3e703767d45.mp3",
    "metadata": {
      "title": "David Kushner - Daylight (Official Music Video)",
      "duration": 230,
      "thumbnail": "https://i.ytimg.com/vi/MoN9ql6Yymw/maxresdefault.jpg",
      "uploader": "David Kushner"
    },
    "downloaded_at": "2025-12-01T19:55:58.136249",
    "file_id": "4d7148d1-be94-4dc7-9e8f-c3e703767d45"
  },
  "i2GC06euEDE": {
    "file": "/home/runner/workspace/FlacLossless-main/backend/audio/1d7405e6-6d11-412f-8dc7-5ac92441012d.mp3",
    "metadata": {
      "title": "Jaguar | Muzical Doctorz Sukhe Feat Bohemia | Latest Punjabi Songs | Speed Records",
      "duration": 164,
      "thumbnail": "https://i.ytimg.com/vi_webp/i2GC06euEDE/maxresdefault.webp",
      "uploader": "Speed Records"
    },
    "downloaded_at": "2025-12-01T20:57:41.973862",
    "file_id": "1d7405e6-6d11-412f-8dc7-5ac92441012d"
  }
}