{
  "VKtFfqinmWo": {
    "file": "/home/runner/workspace/audio/f3161c0a-972d-4710-9bd3-3f55771363cd.mp3",
    "metadata": {
      "title": "I'm Here - The Color Purple",
      "duration": 322,
      "thumbnail": "https://i.ytimg.com/vi/VKtFfqinmWo/hqdefault.jpg?sqp=-oaymwEmCOADEOgC8quKqQMa8AEB-AHUBoAC4AOKAgwIABABGGUgUShYMA8=&rs=AOn4CLDXpSIKxUvHETmc2FqMBMKKaYLH9w",
      "uploader": "Color Purple Lover"
    },
    "downloaded_at": "2025-12-01T21:51:23.022907",
    "file_id": "f3161c0a-972d-4710-9bd3-3f55771363cd"
  },
  "rtOvBOTyX00": {
    "file": "/home/runner/workspace/audio/153c233c-bcb9-4c6c-ba55-d2c51b764582.mp3",
    "metadata": {
      "title": "Christina Perri - A Thousand Years [Official Music Video]",
      "duration": 288,
      "thumbnail": "https://i.ytimg.com/vi/rtOvBOTyX00/maxresdefault.jpg",
      "uploader": "Christina Perri"
    },
    "downloaded_at": "2025-12-01T21:52:07.138170",
    "file_id": "153c233c-bcb9-4c6c-ba55-d2c51b764582"
  },
  "n_FCrCQ6-bA": {
    "file": "/home/runner/workspace/audio/b9f1b213-248d-48a5-a2f1-99416b8bbf9c.mp3",
    "metadata": {
      "title": "295 (Official Audio) | Sidhu Moose Wala | The Kidd | Moosetape",
      "duration": 273,
      "thumbnail": "https://i.ytimg.com/vi_webp/n_FCrCQ6-bA/maxresdefault.webp",
      "uploader": "Sidhu Moose Wala"
    },
    "downloaded_at": "2025-12-02T04:57:25.230080",
    "file_id": "b9f1b213-248d-48a5-a2f1-99416b8bbf9c"
  }
}